,m2_idx,walcl_idx,cpi_idx,pwr_idx,inc_idx
2010-01-01,100.0,,100.0,100.0,100.0
2010-01-06,,100.0,,,
2010-01-13,,102.52296779319504,,,
2010-01-20,,100.73824410460502,,,
2010-01-27,,100.51813981453977,,,
2010-02-01,100.58506434528232,,99.90482233502537,100.0952683391553,
2010-02-03,,100.6269840701757,,,
2010-02-10,,100.9562457723871,,,
2010-02-17,,101.89101795549958,,,
2010-02-24,,102.27365047438737,,,
2010-03-01,100.54024086721634,,99.93792760979917,100.06211094394831,
2010-03-03,,102.00612534134059,,,
2010-03-10,,102.11022751267838,,,
2010-03-17,,103.25204088571398,,,
2010-03-24,,103.48252407726197,,,
2010-03-31,,103.21414894797307,,,
2010-04-01,100.90944477865457,,99.96091738394762,100.03909789653316,
2010-04-07,,103.23316202181002,,,
2010-04-14,,104.65444521192644,,,
2010-04-21,,104.57441135523399,,,
2010-04-28,,104.25749696685551,,,
2010-05-01,101.54876912370099,,99.9089604943721,100.09112246306779,
2010-05-05,,104.06477150311547,,,
2010-05-12,,104.50940901103385,,,
2010-05-19,,105.17092977062627,,,
2010-05-26,,104.41716205044148,,,
2010-06-01,101.7740660792432,,99.8671191054219,100.13305770284394,
2010-06-02,,104.51446425184226,,,
2010-06-09,,104.3047835999041,,,
2010-06-16,,104.8768310708521,,,
2010-06-23,,104.88492840347443,,,
2010-06-30,,104.27445215505362,,,
2010-07-01,101.90853651344113,,100.05379607150739,99.9462328531054,
2010-07-07,,104.32661508233332,,,
2010-07-14,,104.7158238879365,,,
2010-07-21,,104.3402597588516,,,
2010-07-28,,104.02602956913243,,,
2010-08-01,102.47944607617632,,100.20001103509159,99.80038821051473,
2010-08-04,,104.07886354607696,,,
2010-08-11,,104.12601596919255,,,
2010-08-18,,103.50547397579926,,,
2010-08-25,,102.93968963505635,,,
2010-09-01,102.84275216155325,102.98357628313643,100.36185904509674,99.63944565341886,
2010-09-08,,103.15384395142675,,,
2010-09-15,,102.71886955868194,,,
2010-09-22,,103.21508841750384,,,
2010-09-29,,102.83572167365156,,,
2010-10-01,103.42899607204782,,100.7113036121533,99.29372018170614,
2010-10-06,,103.25629086692459,,,
2010-10-13,,103.33650367019429,,,
2010-10-20,,103.12812038094148,,,
2010-10-27,,102.6881354840326,,,
2010-11-01,103.67198650577396,,100.9664901052012,99.04276151008699,
2010-11-03,,102.91007397651506,,,
2010-11-10,,103.46547941577522,,,
2010-11-17,,103.55446060133208,,,
2010-11-24,,104.95221231653503,,,
2010-12-01,104.07539780836782,104.99332529266712,101.37202972118003,98.64654015022315,
2010-12-08,,106.57583934892077,,,
2010-12-15,,106.7306281382756,,,
2010-12-22,,108.61703821940998,,,
2010-12-29,,108.28817914699746,,,
2011-01-01,104.37972563313163,,101.70078349150297,98.32765940132106,98.54155200880572
2011-01-05,,108.9813287141257,,,
2011-01-12,,110.41589868760579,,,
2011-01-19,,108.49369929101367,,,
2011-01-26,,109.31519829070228,,,
2011-02-01,105.13818606461656,,102.02769807989407,98.01260038396019,
2011-02-02,,110.4735194854928,,,
2011-02-09,,111.8631291314291,,,
2011-02-16,,112.23833536735943,,,
2011-02-23,,113.32780686653807,,,
2011-03-01,105.8246930181535,,102.55554329434267,97.50813733489953,
2011-03-02,,113.86008346068364,,,
2011-03-09,,115.28973240328833,,,
2011-03-16,,115.55681016989188,,,
2011-03-23,,116.3752670777666,,,
2011-03-30,,117.32287867779954,,,
2011-04-01,106.57489649315262,,103.0369491650114,97.05256299839799,
2011-04-06,,118.49287613675814,,,
2011-04-13,,119.24140966955726,,,
2011-04-20,,120.15287406097784,,,
2011-04-27,,120.38563882138627,,,
2011-05-01,107.43244040246762,,103.36478334436843,96.74474880563685,
2011-05-04,,121.6280649075025,,,
2011-05-11,,122.77963086900037,,,
2011-05-18,,123.38406767043766,,,
2011-05-25,,124.14400904753894,,,
2011-06-01,108.30885735517887,124.75810896414986,103.36478334436843,96.74474880563685,
2011-06-08,,125.76392293844596,,,
2011-06-15,,126.49505391660374,,,
2011-06-22,,127.7858850518766,,,
2011-06-29,,128.18171488083948,,,
2011-07-01,110.22093256425683,,103.63560288383727,96.49193637835799,
2011-07-06,,128.3987770790908,,,
2011-07-13,,128.75537287098308,,,
2011-07-20,,128.45237157898882,,,
2011-07-27,,128.10678100159978,,,
2011-08-01,112.42436038076364,,103.96251747222836,96.18851335214457,
2011-08-03,,128.26957765028828,,,
2011-08-10,,128.50256609391832,,,
2011-08-17,,127.8531242282929,,,
2011-08-24,,127.9214370841729,,,
2011-08-31,,127.67337239140626,,,
2011-09-01,112.66617124927751,,104.18827705436622,95.98008799763456,
2011-09-07,,127.88685565811181,,,
2011-09-14,,128.10517048240416,,,
2011-09-21,,127.84601110184566,,,
2011-09-28,,127.54063876770229,,,
2011-10-01,113.05424820411194,,104.25862576326051,95.91532524807056,
2011-10-05,,127.93342650485124,,,
2011-10-12,,127.98357628313643,,,
2011-10-19,,127.6063568982116,,,
2011-10-26,,127.30639769803122,,,
2011-11-01,113.66880167970086,,104.45128007062459,95.73841501261175,
2011-11-02,,126.24833132316678,,,
2011-11-09,,127.04249623317455,,,
2011-11-16,,126.67520838328925,,,
2011-11-23,,126.24591554437339,,,
2011-11-30,,125.8994302340979,,,
2011-12-01,114.2279155903134,,104.47610902670492,95.71566258697403,
2011-12-07,,126.18825000984206,,,
2011-12-14,,129.8475733054654,,,
2011-12-21,,130.45585745831437,,,
2011-12-28,,130.90367126797966,,,
2012-01-01,115.09725515175107,,104.76072243066285,95.45562275612046,98.12878370941111
2012-01-04,,130.5276150358072,,,
2012-01-11,,129.69819765007355,,,
2012-01-18,,130.60518837706192,,,
2012-01-25,,130.61064624766922,,,
2012-02-01,115.7129881925522,130.85231360029778,104.98464283086884,95.25202668079831,
2012-02-08,,131.00119715260206,,,
2012-02-15,,131.431474197693,,,
2012-02-22,,131.20421204453623,,,
2012-02-29,,130.8869844996475,,,
2012-03-01,116.23317645116009,,105.2044250717281,95.05303596480877,
2012-03-07,,129.05390049854518,,,
2012-03-14,,129.44816454495677,,,
2012-03-21,,129.40727525204625,,,
2012-03-28,,128.75819127957539,,,
2012-04-01,116.86778253535746,,105.37914735525639,94.89543473233647,
2012-04-04,,128.1918700991006,,,
2012-04-11,,128.26890660062344,,,
2012-04-18,,128.63887864916808,,,
2012-04-25,,128.24031988490157,,,
2012-05-01,117.38325253311628,,105.16120429632898,95.09210232911991,
2012-05-02,,128.13827559920261,,,
2012-05-09,,128.13245983544073,,,
2012-05-16,,127.54345717629458,,,
2012-05-23,,127.92421075612086,,,
2012-05-30,,127.17080092909063,,,
2012-06-01,118.21130731212475,,105.07430295004782,95.17074793019552,
2012-06-06,,127.58971486652375,,,
2012-06-13,,128.3526088621503,,,
2012-06-20,,128.4320164058222,,,
2012-06-27,,128.10548363891442,,,
2012-07-01,118.83529730941174,,105.10464945192379,95.14326960934423,
2012-07-04,,128.20887002394306,,,
2012-07-11,,128.22770415120272,,,
2012-07-18,,127.75922201186059,,,
2012-07-25,,127.35435538074462,,,
2012-08-01,119.67396817533056,127.54945188663376,105.71525785330684,94.59372471924775,
2012-08-08,,127.77595351683708,,,
2012-08-15,,126.75309488105422,,,
2012-08-22,,126.4105911321234,,,
2012-08-29,,125.83550156936147,,,
2012-09-01,120.6235181712021,,106.21965349812403,94.14453606908643,
2012-09-05,,126.25437077015027,,,
2012-09-12,,126.31158893823837,,,
2012-09-19,,126.22775246677858,,,
2012-09-26,,125.4619953259154,,,
2012-10-01,121.4055699069323,,106.50610608401382,93.89133043801104,
2012-10-03,,125.64340241864194,,,
2012-10-10,,125.78257811912832,,,
2012-10-17,,127.36164745376914,,,
2012-10-24,,127.0951960001861,,,
2012-10-31,,126.29767584185416,,,
2012-11-01,122.22536772945492,,106.32724564113883,94.04927156441757,
2012-11-07,,126.64009011749633,,,
2012-11-14,,128.71824145619567,,,
2012-11-21,,128.4461084487837,,,
2012-11-28,,127.5603676278484,,,
2012-12-01,123.66679641884002,,106.31437136761568,94.06066058013762,
2012-12-05,,127.9381685891494,,,
2012-12-12,,130.508423015393,,,
2012-12-19,,130.64133558567426,,,
2012-12-26,,130.0628460379438,,,
2013-01-01,123.94989206978306,,106.52495769881556,93.87471458354017,99.42212438084755
2013-01-02,,130.50524671364613,,,
2013-01-09,,131.02146285248003,,,
2013-01-16,,132.59100328188023,,,
2013-01-23,,134.73321749524897,,,
2013-01-30,,134.59932071879263,,,
2013-02-01,124.17872772096203,,107.1033804163908,93.3677346235248,
2013-02-06,,134.87986421533716,,,
2013-02-13,,137.53051039142775,,,
2013-02-20,,138.46662467386986,,,
2013-02-27,,138.26307294220385,,,
2013-03-01,124.84282293546596,,106.80221437504598,93.63101747014404,
2013-03-06,,139.07750355208955,,,
2013-03-13,,141.60919499092742,,,
2013-03-20,,143.4654078371443,,,
2013-03-27,,143.25818770064384,,,
2013-04-01,125.16720336883822,,106.57921356580593,93.82692614658517,
2013-04-03,,143.84763772623322,,,
2013-04-10,,144.399240550726,,,
2013-04-17,,147.41211933589346,,,
2013-04-24,,148.46521994323814,,,
2013-05-01,125.57769206270568,148.40012812574935,106.62335393217097,93.78808329703786,
2013-05-08,,148.73211876326442,,,
2013-05-15,,150.05873921399507,,,
2013-05-22,,152.0470146342511,,,
2013-05-29,,151.43926732113394,,,
2013-06-01,126.25240336411996,,106.87716103876994,93.56535954741983,
2013-06-05,,152.11277750140474,,,
2013-06-12,,152.5896253932351,,,
2013-06-19,,155.25986621953882,,,
2013-06-26,,155.62411197761023,,,
2013-07-01,126.71833162296376,,107.08636798352093,93.38256762559038,
2013-07-03,,156.2535565632236,,,
2013-07-10,,156.7614516862136,,,
2013-07-17,,158.27202921839714,,,
2013-07-24,,159.9144456413982,,,
2013-07-31,,159.79021198011546,,,
2013-08-01,127.40719770692523,,107.34201427205178,93.16016722637242,
2013-08-07,,160.3969303504132,,,
2013-08-14,,163.12425513487204,,,
2013-08-21,,163.094952632841,,,
2013-08-28,,163.04073181992248,,,
2013-09-01,128.12437335598096,,107.38247627455308,93.12506422772582,
2013-09-04,,163.47584042260024,,,
2013-09-11,,163.8271572904625,,,
2013-09-18,,166.51837960295333,,,
2013-09-25,,167.0474351587077,,,
2013-10-01,129.59057291482355,,107.43995070992423,93.07524746543187,
2013-10-02,,167.64551935665125,,,
2013-10-09,,168.14996975802842,,,
2013-10-16,,170.60762205051304,,,
2013-10-23,,171.74545386220396,,,
2013-10-30,,171.94063984138174,,,
2013-11-01,129.700272479564,,107.63812256308394,92.90388722768049,
2013-11-06,,172.30868821422052,,,
2013-11-13,,174.80503770404383,,,
2013-11-20,,174.76906944200877,,,
2013-11-27,,175.63051826507714,,,
2013-12-01,130.4610920414735,,107.92273596704185,92.65888147103558,
2013-12-04,,175.93249061425203,,,
2013-12-11,,178.67614427388847,,,
2013-12-18,,179.3072441153418,,,
2013-12-25,,180.403873477612,,,
2014-01-01,131.29504464654326,180.0041515605931,108.18435959685134,92.43480330488592,101.84369840396256
2014-01-08,,180.2074796090375,,,
2014-01-15,,182.1464999838948,,,
2014-01-22,,183.32692108098047,,,
2014-01-29,,183.51588866659748,,,
2014-02-01,132.0735576866367,,108.30344662694034,92.3331649309904,
2014-02-05,,183.83562146356826,,,
2014-02-12,,184.2914431325672,,,
2014-02-19,,185.62235830115276,,,
2014-02-26,,186.10318775432782,,,
2014-03-01,132.49584203262677,,108.5246082542485,92.14499974579287,
2014-03-05,,186.6306327908866,,,
2014-03-12,,187.06005983973543,,,
2014-03-19,,188.88173599653558,,,
2014-03-26,,189.10049818727117,,,
2014-04-01,133.02782594335727,,108.72691826675494,91.9735439890387,
2014-04-02,,189.52415420900243,,,
2014-04-09,,189.87072899256657,,,
2014-04-16,,191.65030796705952,,,
2014-04-23,,192.20378973061383,,,
2014-04-30,,192.1908161037604,,,
2014-05-01,133.79572289654033,,108.93382623409107,91.79885023510245,
2014-05-07,,192.5081778585821,,,
2014-05-14,,194.00712386324187,,,
2014-05-21,,193.60051250299733,,,
2014-05-28,,193.38103452595263,,,
2014-06-01,134.44802245892163,,109.07774222026043,91.67773183100016,
2014-06-04,,193.75069341798698,,,
2014-06-11,,194.19747828483284,,,
2014-06-18,,195.41717815563342,,,
2014-06-25,,195.42523075161142,,,
2014-07-01,135.09560376045388,,109.20050761421321,91.57466589192329,
2014-07-02,,195.8136790342611,,,
2014-07-09,,196.09865145859357,,,
2014-07-16,,196.76075379456216,,,
2014-07-23,,197.32197499758422,,,
2014-07-30,,197.13815212606428,,,
2014-08-01,135.38223810703374,,109.18303538586038,91.58932030657795,
2014-08-06,,197.29356722843963,,,
2014-08-13,,198.26936291439554,,,
2014-08-20,,197.419411408918,,,
2014-08-27,,197.4557375641076,,,
2014-09-01,135.87529636575957,,109.19085190907086,91.58276380449475,
2014-09-03,,197.53854509274802,,,
2014-09-10,,197.79895709934755,,,
2014-09-17,,199.05963573634727,,,
2014-09-24,,199.48293386492398,,,
2014-10-01,136.74817462283403,199.0896987613318,109.1692415213713,91.60089289474791,
2014-10-08,,199.3197793230809,,,
2014-10-15,,200.16785188949692,,,
2014-10-22,,200.49246098069884,,,
2014-10-29,,200.7223178592263,,,
2014-11-01,137.23297592507402,,108.96371294048409,91.77367152918141,
2014-11-05,,200.71475736633585,,,
2014-11-12,,200.81809901472013,,,
2014-11-19,,200.99096140838114,,,
2014-11-26,,200.68549960094916,,,
2014-12-01,138.21673331210116,,108.62760244243361,92.05763337453227,
2014-12-03,,200.69708639182858,,,
2014-12-10,,200.81675691539047,,,
2014-12-17,,201.4154226897102,,,
2014-12-24,,201.73819757849492,,,
2014-12-31,,201.21021570220427,,,
2015-01-01,139.25003243804332,,107.935610240565,92.6478293652315,107.18216840946614
2015-01-07,,201.29360480722087,,,
2015-01-14,,202.03413048068631,,,
2015-01-21,,201.89361268087026,,,
2015-01-28,,201.31776259515485,,,
2015-02-01,140.63720112766433,,108.20918855293166,92.41359383365484,
2015-02-04,,201.33046780214238,,,
2015-02-11,,201.39028069560112,,,
2015-02-18,,201.1740237569476,,,
2015-02-25,,200.72102049654097,,,
2015-03-01,140.61007112778228,,108.50069888913411,92.16530494626572,
2015-03-04,,200.75940453736942,,,
2015-03-11,,200.8352778861399,,,
2015-03-18,,201.13094236846533,,,
2015-03-25,,200.44714276000045,,,
2015-04-01,141.0123028651639,200.50064778660976,108.61380857794454,92.06932461836746,
2015-04-08,,200.57312115041177,,,
2015-04-15,,200.66022339690707,,,
2015-04-22,,200.8538883301779,,,
2015-04-29,,200.03986035009106,,,
2015-05-01,141.34258112459744,,108.97198925917752,91.76670140632318,
2015-05-06,,200.09372326985502,,,
2015-05-13,,201.36804658337303,,,
2015-05-20,,200.43734543489387,,,
2015-05-27,,199.70353025807674,,,
2015-06-01,141.82148460077616,,109.2736150960053,91.51339956323609,
2015-06-03,,199.7652220905971,,,
2015-06-10,,199.88355051482932,,,
2015-06-17,,200.7698729121408,,,
2015-06-24,,201.0936767437449,,,
2015-07-01,142.33813416374724,200.38124568291386,109.44695799308468,91.36845996790375,
2015-07-08,,200.47783209800545,,,
2015-07-15,,201.02880860947772,,,
2015-07-22,,201.3374019820123,,,
2015-07-29,,200.66532337435982,,,
2015-08-01,142.86893850926546,,109.4464981976017,91.36884381577345,
2015-08-05,,200.70330478538935,,,
2015-08-12,,200.8339805234545,,,
2015-08-19,,200.7426282957486,,,
2015-08-26,,200.20118068951695,,,
2015-09-01,143.59908937565612,,109.20050761421321,91.57466589192329,
2015-09-02,,200.2361200087326,,,
2015-09-09,,200.34022218007036,,,
2015-09-16,,200.76951501898623,,,
2015-09-23,,201.20234205280357,,,
2015-09-30,,200.6040789082827,,,
2015-10-01,144.20420632954693,,109.30855955271095,91.48414397664608,
2015-10-07,,200.69686270860697,,,
2015-10-14,,201.52534062480987,,,
2015-10-21,,201.37627812592828,,,
2015-10-28,,200.8379620847992,,,
2015-11-01,145.28704719440412,,109.43914146987419,91.37498582034057,
2015-11-04,,200.85420148668817,,,
2015-11-11,,200.95754313507243,,,
2015-11-18,,200.72084154996367,,,
2015-11-25,,200.2898934552079,,,
2015-12-01,146.12335892989842,,109.3214338262341,91.47337031725135,
2015-12-02,,200.33378010328798,,,
2015-12-09,,200.43967174039864,,,
2015-12-16,,200.84932519245706,,,
2015-12-23,,201.15935013760992,,,
2015-12-30,,200.71484683962447,,,
2016-01-01,147.6638710971136,,109.27131611859045,91.51532492888762,109.24600990643918
2016-01-06,,200.71569683586662,,,
2016-01-13,,201.39072806204433,,,
2016-01-20,,200.81563849928244,,,
2016-01-27,,200.52525294098703,,,
2016-02-01,148.67121978838597,,109.1260207459722,91.63717261603801,
2016-02-03,,200.57652113538023,,,
2016-02-10,,200.70102321652894,,,
2016-02-17,,200.58251584571943,,,
2016-02-24,,200.85840673125443,,,
2016-03-01,149.3541880462861,,109.46810858530127,91.3508064516129,
2016-03-02,,200.352390547326,,,
2016-03-09,,200.4686163492751,,,
2016-03-16,,200.70348373196666,,,
2016-03-23,,200.9953455995247,,,
2016-03-30,,200.5472186333492,,,
2016-04-01,150.31435412906802,,109.88744206576915,91.00220927897168,
2016-04-06,,200.60219996922118,,,
2016-04-13,,201.3027758193069,,,
2016-04-20,,200.8733935071024,,,
2016-04-27,,200.18149656601517,,,
2016-05-01,151.0079384738785,,110.14722651364673,90.78757873908924,
2016-05-04,,200.29803552447453,,,
2016-05-11,,200.34908003564618,,,
2016-05-18,,200.14015990666144,,,
2016-05-25,,199.57513608887203,,,
2016-06-01,151.6036189060712,199.58775182257088,110.45299050982122,90.53625396508231,
2016-06-08,,199.68389087121932,,,
2016-06-15,,200.09882324730776,,,
2016-06-22,,200.51004248191745,,,
2016-06-29,,199.8154166055266,,,
2016-07-01,152.30428064215528,,110.39735525638197,90.5818801254472,
2016-07-06,,199.99986579006702,,,
2016-07-13,,200.0713102110496,,,
2016-07-20,,200.46369531839963,,,
2016-07-27,,199.72665910319134,,,
2016-08-01,153.22198237729572,,110.60150445082027,90.41468332328671,
2016-08-03,,199.82932970191078,,,
2016-08-10,,199.92488717418303,,,
2016-08-17,,199.81514818566066,,,
2016-08-24,,200.14458883444934,,,
2016-08-31,,199.4317998804637,,,
2016-09-01,153.99105889569103,,110.89163540057383,90.17812717683351,
2016-09-07,,199.4983232705708,,,
2016-09-14,,200.49331097694093,,,
2016-09-21,,200.108441625837,,,
2016-09-28,,199.16762999574107,,,
2016-10-01,154.79198367481743,,111.15141984845141,89.96736176320938,
2016-10-05,,199.498904846947,,,
2016-10-12,,199.42244992180034,,,
2016-10-19,,199.85567958541657,,,
2016-10-26,,199.27159795714587,,,
2016-11-01,155.80523019215119,,111.28246156109762,89.86141984745441,
2016-11-02,,199.21616925483065,,,
2016-11-09,,199.30564254347507,,,
2016-11-16,,199.24059546263058,,,
2016-11-23,,199.78410095450104,,,
2016-11-30,,198.91285480632612,,,
2016-12-01,156.114276277764,,111.56339660119178,89.63513396555349,
2016-12-07,,199.01624119135474,,,
2016-12-14,,200.0163288751776,,,
2016-12-21,,199.93204503727458,,,
2016-12-28,,199.14298010471953,,,
2017-01-01,157.06736496927232,,112.01445596998454,89.27419156219985,110.34672537149146
2017-01-04,,199.21679556785116,,,
2017-01-11,,199.19031147441243,,,
2017-01-18,,199.5593440534263,,,
2017-01-25,,199.20502983039444,,,
2017-02-01,158.00040105217215,199.2516901504225,112.19285661737659,89.13223445325114,
2017-02-08,,199.35704494780128,,,
2017-02-15,,199.28725578265863,,,
2017-02-22,,199.9147319559219,,,
2017-03-01,158.81194191820893,199.43676564798346,112.1404399323181,89.17389664277631,
2017-03-08,,199.51827581393852,,,
2017-03-15,,199.9538765197038,,,
2017-03-22,,200.3412511228898,,,
2017-03-29,,199.955710722121,,,
2017-04-01,159.4972693065336,,112.27883837269184,89.06397808290983,
2017-04-05,,200.1801097300412,,,
2017-04-12,,200.62112356976945,,,
2017-04-19,,200.38750881311893,,,
2017-04-26,,199.97915272374584,,,
2017-05-01,160.05402408672163,,112.19193702641064,89.13296503336012,
2017-05-03,,200.02854197907757,,,
2017-05-10,,200.1275441729626,,,
2017-05-17,,199.84342174487227,,,
2017-05-24,,200.0109157412146,,,
2017-05-31,,199.52158632561836,,,
2017-06-01,160.1908536513441,,112.26504450820276,89.07492126161621,
2017-06-07,,199.6347252991092,,,
2017-06-14,,200.25325414350797,,,
2017-06-21,,200.1632440151317,,,
2017-06-28,,199.67516722557647,,,
2017-07-01,160.9292614742206,,112.3018281468403,89.04574542566215,
2017-07-05,,199.85075855454113,,,
2017-07-12,,199.82525866727747,,,
2017-07-19,,200.28161717600827,,,
2017-07-26,,199.7618221056286,,,
2017-08-01,161.57330408011606,,112.73403590083132,88.70435552220178,
2017-08-02,,199.83170074405987,,,
2017-08-09,,199.93177661740864,,,
2017-08-16,,199.6538725828791,,,
2017-08-23,,199.69708818129433,,,
2017-08-30,,199.18364571440844,,,
2017-09-01,162.1324179907286,,113.30969984550872,88.25369772962445,
2017-09-06,,199.23348233618336,,,
2017-09-13,,200.02532094068636,,,
2017-09-20,,199.46172869551523,,,
2017-09-27,,199.33132137731602,,,
2017-10-01,162.78117885747312,,113.39752078275582,88.18534947653534,
2017-10-04,,199.54431254093404,,,
2017-10-11,,199.49926274010156,,,
2017-10-18,,199.96040806977484,,,
2017-10-25,,199.57540450873796,,,
2017-11-01,163.29311015959516,199.34143185893282,113.70006621054954,87.95069636531277,
2017-11-08,,199.4606550160515,,,
2017-11-15,,199.00152283537273,,,
2017-11-22,,199.10558027006618,,,
2017-11-29,,198.5677115953803,,,
2017-12-01,163.74370407067954,,113.9396196571765,87.76578357983091,
2017-12-06,,198.50311188097905,,,
2017-12-13,,199.20001932623035,,,
2017-12-20,,198.96488352367285,,,
2017-12-27,,199.01901486330271,,,
2018-01-01,163.9631032001604,,114.424244096226,87.39406651959543,114.08915795266923
2018-01-03,,198.79703163417594,,,
2018-01-10,,198.9018943284672,,,
2018-01-17,,198.5924509596905,,,
2018-01-24,,198.68961895115834,,,
2018-01-31,,197.7012970047922,,,
2018-02-01,164.54109015416915,,114.73230706981535,87.15940832528483,
2018-02-07,,197.76929670416195,,,
2018-02-14,,198.40088864870282,,,
2018-02-21,,197.3628642904947,,,
2018-02-28,,196.5460179018156,,,
2018-03-01,165.28893449874374,,114.75437725299787,87.14264535594225,
2018-03-07,,196.66662789490826,,,
2018-03-14,,197.16593358218836,,,
2018-03-21,,196.89590319705954,,,
2018-03-28,,196.49219971869599,,,
2018-04-01,165.56259362798872,,115.05324431692783,86.91628001774389,
2018-04-04,,196.21957460819647,,,
2018-04-11,,196.11131192893674,,,
2018-04-18,,196.21058254268772,,,
2018-04-25,,195.62824564354557,,,
2018-05-01,166.22904797291716,,115.31302876480542,86.7204695524578,
2018-05-02,,194.8785936946384,,,
2018-05-09,,194.97155644153995,,,
2018-05-16,,194.0500710417912,,,
2018-05-23,,194.03629215533996,,,
2018-05-30,,193.59867830058016,,,
2018-06-01,166.7574931880109,,115.41694254395645,86.64239217904692,
2018-06-06,,193.22611152666482,,,
2018-06-13,,193.48178144896622,,,
2018-06-20,,193.07870428362318,,,
2018-06-27,,192.61321949945062,,,
2018-07-01,167.19865057739716,,115.50706245861842,86.5747928061334,
2018-07-04,,191.90964629419534,,,
2018-07-11,,191.97393285208634,,,
2018-07-18,,191.99245382283573,,,
2018-07-25,,191.36909342085013,,,
2018-08-01,167.77191927055685,190.38363461972062,115.71351063047157,86.42033195185624,
2018-08-08,,190.48997362327452,,,
2018-08-15,,189.18786885363244,,,
2018-08-22,,189.18312676933428,,,
2018-08-29,,188.74005504396717,,,
2018-09-01,168.03496231289145,,115.95214448613255,86.24247567233189,
2018-09-05,,188.27398868341845,,,
2018-09-12,,188.37759875166867,,,
2018-09-19,,188.25443876984963,,,
2018-09-26,,187.57667860836827,,,
2018-10-01,168.16589405145263,,116.22342382108437,86.04117544664759,
2018-10-03,,186.76224799848254,,,
2018-10-10,,186.86075808928,,,
2018-10-17,,186.7954425885696,,,
2018-10-24,,186.68914832166007,,,
2018-10-31,,185.1976733366021,,,
2018-11-01,168.47494013706546,,116.14158022511587,86.10180764388703,
2018-11-07,,185.29631763733255,,,
2018-11-14,,185.4732958022712,,,
2018-11-21,,183.69751944254563,,,
2018-11-28,,183.29363701760477,,,
2018-12-01,169.70168795781873,,116.22112484366953,86.04287743257625,
2018-12-05,,182.7958971128759,,,
2018-12-12,,182.89744929548732,,,
2018-12-19,,182.71671325242562,,,
2018-12-26,,182.33027811877042,,,
2019-01-01,170.5615909975583,,116.12640697417788,86.1130578355328,119.97798569069896
2019-01-02,,181.55821311105782,,,
2019-01-09,,181.47701610161303,,,
2019-01-16,,181.18537791727658,,,
2019-01-23,,181.05152587746454,,,
2019-01-30,,180.7216378622326,,,
2019-02-01,171.11126838647272,,116.47493195026853,85.85538392303775,
2019-02-06,,180.12538786670626,,,
2019-02-13,,180.21848482354076,,,
2019-02-20,,178.11537043730965,,,
2019-02-27,,177.809819156589,,,
2019-03-01,171.71520577515128,,116.915416022953,85.53191991410941,
2019-03-06,,177.56573602516704,,,
2019-03-13,,177.67422238764837,,,
2019-03-20,,177.28004781452543,,,
2019-03-27,,176.9610308038638,,,
2019-04-01,172.15400403411303,,117.35498050467153,85.21155179776909,
2019-04-03,,176.06146635983293,,,
2019-04-10,,176.11850558134375,,,
2019-04-17,,175.89674603543858,,,
2019-04-24,,175.73775200151746,,,
2019-05-01,173.44798707196526,174.01172279027818,117.38394762009858,85.1905239408373,
2019-05-08,,174.12468281719177,,,
2019-05-15,,172.89590140759375,,,
2019-05-22,,172.7029075239878,,,
2019-05-29,,172.30068035488685,,,
2019-06-01,174.6086792408318,,117.34578459501212,85.21822947890587,
2019-06-05,,172.1307258431068,,,
2019-06-12,,172.2340674914911,,,
2019-06-19,,171.96837656086151,,,
2019-06-26,,171.19895101516394,,,
2019-07-01,175.59951401913253,,117.61660413448098,85.02200921024856,
2019-07-03,,170.58968265613984,,,
2019-07-10,,170.6719980816927,,,
2019-07-17,,170.36206260982846,,,
2019-07-24,,170.1529635342665,,,
2019-07-31,,169.06434203132997,,,
2019-08-01,176.63281314507472,,117.72419627749578,84.94430470715055,
2019-08-07,,169.17354418012047,,,
2019-08-14,,169.37374066346234,,,
2019-08-21,,168.42747116275908,,,
2019-08-28,,168.20736687269383,,,
2019-09-01,177.48917748917748,,117.90535569778562,84.81378933822096,
2019-09-04,,168.2772455111251,,,
2019-09-11,,168.6425202120159,,,
2019-09-18,,171.9987527423563,,,
2019-09-25,,172.5812238514314,,,
2019-10-01,179.1063613951897,,118.23870742293828,84.57467286267037,
2019-10-02,,176.5232380025267,,,
2019-10-09,,176.7077319237115,,,
2019-10-16,,177.446602341337,,,
2019-10-23,,177.54632032153123,,,
2019-10-30,,179.83339178921526,,,
2019-11-01,180.42629486771176,,118.57159935260798,84.33722792472437,
2019-11-06,,180.7111247508169,,,
2019-11-13,,181.08865729225195,,,
2019-11-20,,180.29981604291854,,,
2019-11-27,,181.31202735735275,,,
2019-12-01,181.03377095202706,,118.91690576031782,84.09233267602366,
2019-12-04,,181.88559587420772,,,
2019-12-11,,183.2185241917878,,,
2019-12-18,,185.0778238664629,,,
2019-12-25,,186.3545629587743,,,
2020-01-01,181.97270486098822,186.71402189590322,119.14542411535349,83.93104539472922,118.35443037974684
2020-01-08,,185.63667402733589,,,
2020-01-15,,186.8135161928758,,,
2020-01-22,,185.47419053515765,,,
2020-01-29,,185.729994667392,,,
2020-02-01,182.75475659671844,,119.2019789597587,83.89122468659595,
2020-02-05,,186.40448905383786,,,
2020-02-12,,187.11947010339534,,,
2020-02-19,,186.62204335517674,,,
2020-02-26,,186.04346433415768,,,
2020-03-01,189.1196904820883,,118.6621790627529,84.2728498581813,
2020-03-04,,189.75079004913874,,,
2020-03-11,,192.90042875599917,,,
2020-03-18,,208.8401398646448,,,
2020-03-25,,235.05876605598166,,,
2020-04-01,201.29634216827674,259.9917952994313,117.7223570955639,84.9456317960255,
2020-04-08,,272.13931527881664,,,
2020-04-15,,284.877895802987,,,
2020-04-22,,294.060047313475,,,
2020-04-29,,297.76392830684324,,,
2020-05-01,211.53024994986848,,117.61660413448098,85.02200921024856,
2020-05-06,,300.69377588014873,,,
2020-05-13,,310.214046948424,,,
2020-05-20,,314.82330814958505,,,
2020-05-27,,317.51010153428797,,,
2020-06-01,214.49567689349703,,118.18675053336274,84.61185331580054,
2020-06-03,,320.54776442041,,,
2020-06-10,,320.7141400006442,,,
2020-06-17,,317.39262310629783,,,
2020-06-24,,316.8384255564344,,,
2020-07-01,216.2779999292261,313.56092952010107,118.78908261605237,84.18282033814332,
2020-07-08,,309.6096101469867,,,
2020-07-15,,311.30459212706637,,,
2020-07-22,,311.5797672262923,,,
2020-07-29,,310.87637296761426,,,
2020-08-01,217.17211036012122,,119.23232546163464,83.86987305064093,
2020-08-05,,310.7065974024115,,,
2020-08-12,,311.2452266000508,,,
2020-08-19,,313.6323739410836,,,
2020-08-26,,312.727843729533,,,
2020-09-01,219.42861861117987,,119.54544618553669,83.65019596379958,
2020-09-02,,313.93904363791233,,,
2020-09-09,,313.63134499826424,,,
2020-09-16,,316.04090539810244,,,
2020-09-23,,317.3242207771292,,,
2020-09-30,,315.66753336458936,,,
2020-10-01,221.25812425539942,,119.69350033105275,83.54672536388047,
2020-10-07,,316.49605601743656,,,
2020-10-14,,319.9308013585624,,,
2020-10-21,,321.08675151120383,,,
2020-10-28,,319.70174973963276,,,
2020-11-01,224.0820033735565,,119.9656992569705,83.35716010440342,
2020-11-04,,320.2015922666447,,,
2020-11-11,,321.0040781924964,,,
2020-11-18,,324.0310937572697,,,
2020-11-25,,322.8410990182991,,,
2020-12-01,225.4821472805124,,120.48710733465755,82.99643191054972,
2020-12-02,,323.10656626570704,,,
2020-12-09,,324.01221489336575,,,
2020-12-16,,329.377659593505,,,
2020-12-23,,331.23185929072736,,,
2020-12-30,,329.4116147065455,,,
2021-01-01,228.58794248440023,,120.78229603472377,82.7935908514696,118.547055586131
2021-01-06,,328.13474140430117,,,
2021-01-13,,328.0971178864262,,,
2021-01-20,,331.71962292377236,,,
2021-01-27,,331.27154069424114,,,
2021-02-01,231.68783986222675,,121.19243360553227,82.51340205403312,
2021-02-03,,331.5252869408367,,,
2021-02-10,,332.94017279081504,,,
2021-02-17,,338.09280527391354,,,
2021-02-24,,339.5560961730485,,,
2021-03-01,234.41735376340282,,121.82787096299566,82.08302353931333,
2021-03-03,,338.09826314452084,,,
2021-03-10,,339.0993350345188,,,
2021-03-17,,344.1816415127428,,,
2021-03-24,,345.34998371586147,,,
2021-03-31,,343.9795213536951,,,
2021-04-01,237.98199983486086,,122.5879128963437,81.57411088690017,
2021-04-07,,344.869512155841,,,
2021-04-14,,348.6373218139457,,,
2021-04-21,,349.8829689384531,,,
2021-04-28,,348.09412947858544,,,
2021-05-01,241.32724677683805,,123.40129110571615,81.03642928203352,
2021-05-05,,349.4149341655542,,,
2021-05-12,,350.3175854380433,,,
2021-05-19,,354.443198777437,,,
2021-05-26,,353.5779026029569,,,
2021-06-01,241.54074808025757,,124.44548664753918,80.35646988405861,
2021-06-02,,355.0167225576476,,,
2021-06-09,,355.76042453286,,,
2021-06-16,,360.7677971318443,,,
2021-06-23,,362.4538317830595,,,
2021-06-30,,361.4069495692756,,,
2021-07-01,243.38322894181204,,125.01977120576768,79.98734842940313,
2021-07-07,,362.26719050294724,,,
2021-07-14,,366.91434364184914,,,
2021-07-21,,368.6536596364521,,,
2021-07-28,,367.80111340560387,,,
2021-08-01,245.829647192045,,125.37519311410283,79.76059499185848,
2021-08-04,,368.4095317683858,,,
2021-08-11,,369.397585294886,,,
2021-08-18,,373.21983944913086,,,
2021-08-25,,372.7789598193355,,,
2021-09-01,247.48457718484963,373.51398288554935,125.94258074008681,79.40126318863861,
2021-09-08,,373.8781839069764,,,
2021-09-15,,377.96961845010793,,,
2021-09-22,,379.8062366461117,,,
2021-09-29,,377.93432123773766,,,
2021-10-01,249.60425587128583,,127.15644081512542,78.64328331224011,
2021-10-06,,378.6523891157534,,,
2021-10-13,,379.40888577124184,,,
2021-10-20,,383.1668086309513,,,
2021-10-27,,382.77482615340017,,,
2021-11-01,251.67085412317022,,128.2456963142794,77.97532616996332,
2021-11-03,,383.6109540357822,,,
2021-11-10,,387.55878395063934,,,
2021-11-17,,388.08904739579043,,,
2021-11-24,,388.3933013138258,,,
2021-12-01,253.5923658539462,386.9899575180825,129.13126241447804,77.44058110345564,
2021-12-08,,387.6217284092007,,,
2021-12-15,,391.74385229033726,,,
2021-12-22,,393.2572482311131,,,
2021-12-29,,391.77937318592905,,,
2022-01-01,255.37586845488752,,129.9119951445597,76.97518607787133,118.73968079251513
2022-01-05,,392.1489426046748,,,
2022-01-12,,393.1580670906508,,,
2022-01-19,,396.717135566348,,,
2022-01-26,,396.3883659672241,,,
2022-02-01,256.25818323366,,130.81181490473037,76.4456942003515,
2022-02-02,,396.9576845028685,,,
2022-02-09,,397.17233092232647,,,
2022-02-16,,398.6497138644229,,,
2022-02-23,,399.4145315357553,,,
2022-03-01,256.98951366526296,,132.27120576767453,75.6022442069843,
2022-03-02,,398.3554362180715,,,
2022-03-09,,398.63696392079106,,,
2022-03-16,,400.58560267417766,,,
2022-03-23,,400.95101158500137,,,
2022-03-30,,399.81774291103136,,,
2022-04-01,256.7854488835415,,132.67904436106818,75.36985247486668,
2022-04-06,,399.8378744009763,,,
2022-04-13,,401.0858030943442,,,
2022-04-20,,400.65472078965547,,,
2022-04-27,,399.9097661884021,,,
2022-05-01,256.1956662774101,,133.93750459795484,74.66168665764955,
2022-05-04,,399.94434761446314,,,
2022-05-11,,400.03543142230325,,,
2022-05-18,,400.20945696871655,,,
2022-05-25,,398.79501848518146,,,
2022-06-01,255.39002323743466,398.82942096466525,135.61989627013904,73.7354936482267,
2022-06-08,,398.97275717307355,,,
2022-06-15,,399.60649647654185,,,
2022-06-22,,399.69265925350646,,,
2022-06-29,,398.76245020811484,,,
2022-07-01,255.40889628083087,,135.5996652688884,73.74649472895396,
2022-07-06,,397.7915755530344,,,
2022-07-13,,397.9712379166324,,,
2022-07-20,,398.12092672853447,,,
2022-07-27,,397.7089469709713,,,
2022-08-01,255.2366797598405,,135.68426763775471,73.70051203502578,
2022-08-03,,397.0207184347185,,,
2022-08-10,,397.2228385937662,,,
2022-08-17,,395.9086549301571,,,
2022-08-24,,395.9835440727525,,,
2022-08-31,,394.84978329569486,,,
2022-09-01,254.03706193896926,,136.25993158243213,73.38914590567202,
2022-09-07,,394.68461560485736,,,
2022-09-14,,395.1479977667467,,,
2022-09-21,,394.43413513329733,,,
2022-09-28,,393.4841524911153,,,
2022-10-01,253.15238802977223,,137.02227249319503,72.98083602063039,
2022-10-05,,391.8506386603343,,,
2022-10-12,,391.84688078221126,,,
2022-10-19,,391.1737284950951,,,
2022-10-26,,390.2417747205749,,,
2022-11-01,252.5036271630277,,137.38045317442803,72.79055912927646,
2022-11-02,,388.17404702000266,,,
2022-11-09,,388.2642360949562,,,
2022-11-16,,385.8812939984897,,,
2022-11-23,,385.69205799300676,,,
2022-11-30,,384.04512316892914,,,
2022-12-01,251.1412293428642,,137.4016037666446,72.77935428602024,
2022-12-07,,383.96276300673196,,,
2022-12-14,,383.9930944515824,,,
2022-12-21,,383.1430087361719,,,
2022-12-28,,382.5506060920573,,,
2023-01-01,251.00439977824172,,138.13175899359968,72.39464749350907,119.17996697853606
2023-01-04,,380.5938252694041,,,
2023-01-11,,380.6456303035292,,,
2023-01-18,,379.77111838031874,,,
2023-01-25,,378.94429571995573,,,
2023-02-01,250.57385847576583,377.2914109221833,138.6053483410579,72.14728810748052,
2023-02-08,,377.37010267954605,,,
2023-02-15,,375.1063390035539,,,
2023-02-22,,374.99105267113555,,,
2023-03-01,247.08116588225576,373.08947686757597,138.77593246523946,72.05860427206854,
2023-03-08,,373.20574740616934,,,
2023-03-15,,386.49329129281745,,,
2023-03-22,,390.72032260488953,,,
2023-03-29,,389.4746307437378,,,
2023-04-01,244.89425197872063,,139.2467630397999,71.81495484488765,
2023-04-05,,386.1838926606851,,,
2023-04-12,,385.3971092969905,,,
2023-04-19,,384.4337503981561,,,
2023-04-26,,383.06950642955053,,,
2023-05-01,245.6987154534838,,139.47160303097183,71.6991830787185,
2023-05-03,,380.4401548961573,,,
2023-05-10,,380.3964471946545,,,
2023-05-17,,378.3270642382423,,,
2023-05-24,,377.4097393464155,,,
2023-05-31,,375.15496773593213,,,
2023-06-01,245.34130719416817,,139.78426395939087,71.53881071266454,
2023-06-07,,375.3102486283745,,,
2023-06-14,,375.26542251076364,,,
2023-06-21,,374.0905040209296,,,
2023-06-28,,373.14450294009225,,,
2023-07-01,245.24576241197497,,140.0578422717575,71.39907225328209,
2023-07-05,,371.23863241867775,,,
2023-07-12,,371.1764932197142,,,
2023-07-19,,370.17568974958215,,,
2023-07-26,,368.7795485535748,,,
2023-08-01,245.08062328225813,,140.73512101817113,71.05546879594357,
2023-08-02,,367.14308210426856,,,
2023-08-09,,367.2091581279325,,,
2023-08-16,,364.41249154477424,,,
2023-08-23,,364.114500756944,,,
2023-08-30,,363.3204253202249,,,
2023-09-01,244.7338311098529,,141.28411682483633,70.77936448014162,
2023-09-06,,362.42578190706945,,,
2023-09-13,,362.3121955671354,,,
2023-09-20,,358.9708603393543,,,
2023-09-27,,357.9854910115134,,,
2023-10-01,244.55807589322575,,141.4772309276834,70.6827518069783,
2023-10-04,,355.9149896389932,,,
2023-10-11,,355.74821142895996,,,
2023-10-18,,354.9030467444249,,,
2023-10-25,,353.7697780704549,,,
2023-11-01,244.71849676209345,351.928149370287,141.68505848598545,70.5790723937848,
2023-11-08,,351.6609373937505,,,
2023-11-15,,349.61647274822576,,,
2023-11-22,,349.4296077848919,,,
2023-11-29,,348.7733659493295,,,
2023-12-01,245.088880238744,,141.95771720738614,70.44351090396158,
2023-12-06,,346.1446407289568,,,
2023-12-13,,346.2422113502235,,,
2023-12-20,,345.54865915329634,,,
2023-12-27,,345.0439403320533,,,
2024-01-01,245.86739327883743,,142.39774148458764,70.22583290818798,124.21574023115025
2024-01-03,,343.623238718313,,,
2024-01-10,,343.87761127792913,,,
2024-01-17,,343.2974217377144,,,
2024-01-24,,343.4535078897546,,,
2024-01-31,,341.34614352231284,,,
2024-02-01,246.85233023107682,,142.98122195247552,69.93925400444421,
2024-02-07,,341.39875381603576,,,
2024-02-14,,341.51390593852113,,,
2024-02-21,,339.17905573470097,,,
2024-02-28,,338.558290058086,,,
2024-03-01,247.400828054779,,143.61482012800707,69.6306968256255,
2024-03-06,,337.26316420495823,,,
2024-03-13,,337.402384642089,,,
2024-03-20,,336.1667137892654,,,
2024-03-27,,334.84210648752924,,,
2024-04-01,247.23332979463768,,143.92656146546017,69.4798784753836,
2024-04-03,,332.82086016040773,,,
2024-04-10,,332.75903411795446,,,
2024-04-17,,331.297487947948,,,
2024-04-24,,331.16005697659017,,,
2024-05-01,247.95168500890568,329.3723806694749,143.9964503788715,69.44615630238684,
2024-05-08,,328.96679825204984,,,
2024-05-15,,326.768618496634,,,
2024-05-22,,326.5580878484537,,,
2024-05-29,,325.87598823247305,,,
2024-06-01,248.51551718036734,,143.9362171706025,69.4752175413041,
2024-06-05,,324.5950886322397,,,
2024-06-12,,324.74213798212685,,,
2024-06-19,,324.4543918858464,,,
2024-06-26,,323.497967166882,,,
2024-07-01,248.83282022246598,,144.17760979916133,69.35889708485215,
2024-07-03,,323.06657170568303,,,
2024-07-10,,323.1810527785035,,,
2024-07-17,,322.4727822255944,,,
2024-07-24,,322.3478775146468,,,
2024-07-31,,321.13712497271064,,,
2024-08-01,249.91212239168638,,144.40428897226514,69.25002069655037,
2024-08-07,,320.99687559276055,,,
2024-08-14,,321.10567511175213,,,
2024-08-21,,319.4174931016094,,,
2024-08-28,,318.6697648284081,,,
2024-09-01,250.88762282222768,,144.7123519458545,69.10260157848582,
2024-09-04,,318.1923800968459,,,
2024-09-11,,318.30126908912615,,,
2024-09-18,,318.0389334068207,,,
2024-09-25,,316.73808126321967,,,
2024-10-01,251.6236715146797,,145.12570808504378,68.90577921687033,
2024-10-02,,315.2557772902478,,,
2024-10-09,,315.25197467548037,,,
2024-10-16,,314.91394459098177,,,
2024-10-23,,314.47212549165573,,,
2024-10-30,,313.7600075873349,,,
2024-11-01,253.04268846503177,,145.53814463326714,68.71050902289844,
2024-11-06,,312.90146664614747,,,
2024-11-13,,311.6850325503824,,,
2024-11-20,,309.74449112961815,,,
2024-11-27,,308.91279217502404,,,
2024-12-01,253.44020194156434,,146.03288457294195,68.47772698076851,
2024-12-04,,308.4961598064514,,,
2024-12-11,,308.5703331627376,,,
2024-12-18,,308.2055953015787,,,
2024-12-25,,308.05487754685714,,,
2025-01-01,254.17389150359173,306.55745258810435,146.65682704333113,68.1863926937776,
2025-01-08,,306.60500764101886,,,
2025-01-15,,305.73335886304505,,,
2025-01-22,,305.63001721466077,,,
2025-01-29,,305.02276200463115,,,
2025-02-01,254.94532715241158,,146.98696020010297,68.03324584974304,
2025-02-05,,304.69837659665086,,,
2025-02-12,,304.8137076657135,,,
2025-02-19,,303.4187743591028,,,
2025-02-26,,302.6926538851091,,,
2025-03-01,255.89015888743404,,147.03569852129775,68.0106946854918,
2025-03-05,,302.2749478370727,,,
2025-03-12,,302.40052359768515,,,
2025-03-19,,302.23996378121274,,,
2025-03-26,,301.5363011026688,,,
2025-04-01,256.8574023614895,,147.2734127859928,67.90091850815791,
2025-04-02,,300.7846807414114,,,
2025-04-09,,300.9620167995047,,,
2025-04-16,,300.9484615962751,,,
2025-04-23,,300.94027479036407,,,
2025-04-30,,300.1505388081442,,,
2025-05-01,257.5450888802387,,147.419627749577,67.83357245337159,
2025-05-07,,300.22265427879165,,,
2025-05-14,,300.3291722289228,,,
2025-05-21,,299.23115603067856,,,
2025-05-28,,298.53854330328227,,,
2025-06-01,258.78245278790234,,147.79436106819688,67.66158010173129,
2025-06-04,,298.5224828479706,,,
2025-06-11,,298.7135083192264,,,
2025-06-18,,298.8880259687273,,,
2025-06-25,,298.0444718033878,,,
2025-07-01,259.7402597402597,,148.13185095269623,67.50742622660778,
2025-07-02,,297.92806705486146,,,
2025-07-09,,298.031587649823,,,
2025-07-16,,297.9135276454567,,,
2025-07-23,,297.8438279536027,,,
2025-07-30,,297.16664936849753,,,
2025-08-01,260.5305684324758,,148.64774148458767,67.27313782319952,
2025-08-06,,297.0890312905985,,,
2025-08-13,,297.21304126865965,,,
2025-08-20,,296.0856778317401,,,
2025-08-27,,295.4132413309331,,,
2025-09-01,261.51314625429063,,149.08638637534025,67.07520547733967,
2025-09-03,,295.354502116938,,,
2025-09-10,,295.5285723999957,,,
2025-09-17,,295.64645345778473,,,
2025-09-24,,295.6374166556316,,,
2025-10-01,262.39546103306316,294.6855998110324,,,
2025-10-08,,294.85094644844725,,,
2025-10-15,,295.10321638578023,,,
2025-10-22,,294.79359407042625,,,
2025-10-29,,294.681797196265,,,
2025-11-01,262.77764016183636,,149.46249908040903,66.90641506415679,
2025-11-05,,294.0419737091689,,,
2025-11-12,,294.38778796977954,,,
2025-11-19,,293.26136400239074,,,
2025-11-26,,293.13323825305196,,,
2025-12-01,263.6752892883683,,149.9075811079232,66.70776705282627,
2025-12-03,,292.3889099648191,,,
2025-12-10,,292.5464724261219,,,
2025-12-17,,293.33195842713116,,,
2025-12-24,,294.4221904492633,,,
2025-12-31,,297.07896554562603,,,
2026-01-01,264.5682201540512,,150.16368719193704,66.5939961051845,
2026-01-07,,294.08089458972916,,,
2026-01-14,,294.4431719354504,,,
2026-01-21,,294.57201347109833,,,
2026-01-28,,294.70568656433306,,,
2026-02-01,266.90375927433143,,150.56462885308613,66.41666157698651,
2026-02-04,,295.5262013578466,,,
2026-02-11,,296.2631480997663,,,
2026-02-18,,295.8610998772426,,,
2026-02-25,,295.8790840082602,,,
2026-03-01,267.5961640539297,,151.8672294563378,65.84699039943324,
2026-03-04,,296.55447312759253,,,
2026-03-11,,297.33512757101494,,,
2026-03-18,,297.7643756732865,,,
2026-03-25,,297.81904385264824,,,
2026-04-01,,298.63249025635884,,,
2026-04-08,,299.4613260657164,,,
2026-04-15,,299.99033688482643,,,
2026-04-22,,300.06741812299356,,,
2026-04-29,,299.733280126551,,,
2026-05-06,,300.1607387630497,,,
